,,,,,,,Saudi Mais Co. For Medical Products
,,,,,,,Rejection Slip Report
,,,,,,, Rejection Type = OBM Sample
,,,,,,,[Date range 01/01/2026 to 03/04/2026]
Date,DocNo,Rejection Type,Machine Name,Producted Item.Code,Producted Item.Name,Producted Qty,Lot No,Item.Code,Item.Name,Quantity,Reject %,RM TYPE,Batch
08/02/2026,MS-26-02593,OBM Sample,,G-444-1005,2-WAY F. CATHETER 100% P/S SIZE: 10-05ML,843.00,210610,BU-444-1005,2-WAY FOLEY CATHETER 100% PURE SILICONE SIZE CH10 L=30CM BA,6.00,0.71,BULK,210512
09/02/2026,MS-26-02197,OBM Sample,OBM,G-214-SLMS,CONNECTOR SIMS 5-10 MM,,19500.00,20240615,BU-214-SLMS,CONNECTOR SIMS 5-10MM, FITS TUBING, VINYL,ID,3/6,46.00,0.24,BULK,20240615
09/02/2026,MS-26-02199,OBM Sample,OBM,G-442-1815,2-WAY F. CATHTER S/C SIZE: 18-15ML,1000.00,2509053360,BU-442-1815,2-WAY FOLEY CATHETER LATEX SILICONE COATED SIZE-18 WITH BALLOON 5-15ML, LENGTH-40CM,44.00,4.40,BULK,231208
09/02/2026,MS-26-02201,OBM Sample,OBM,G-681-1435,ENDOTRACHEALTUBENASALPREFORMEDCUFFEDFR14ID3.5MM,,429.00,202307,BU-681-1435,ENDOTRACHEAL TUBE NASAL PREFORMED CUFFED FR 14 ID 3.5MM,,2.00,0.47,BULK,2301050105
09/02/2026,MS-26-02203,OBM Sample,OBM,G-056-12PD,PENROSE DRAINAGE TUBE SIZE: 1/2"X12 ",12700.00,202307,BU-056-12PD,DRAIN, PENROSE, LATEX RUBBER, RADIOPAQUE, 1/2 X 12 INCH, DISPOSABLE, NO, HOLES, NO BUMPS, NO BLACK SPOTS.,188.00,1.48,BULK,202307
09/02/2026,MS-26-02205,OBM Sample,OBM,G-681-2050,ENDOTRACHEALTUBENASALPREFORMEDCUFFEDFR20ID5.0MM,OD6.9MM,300.00,1912052,BU-681-2050,ENDOTRACHEAL TUBE NASAL PREFORMED CUFFED FR 20 ID 5.0MM, OD,1.00,0.33,BULK,ZERO
10/02/2026,MS-26-02595,OBM Sample,,BU-501-3485,ENDOTRACHEALTUBEORAL/NASAL-CUFFEDFR34ID8.5MM,OD11.3MM,100.00,2209052122,BU-501-3485,ENDOTRACHEALTUBEORAL/NASAL-CUFFEDFR34ID8.5MM,OD11.3MM,1.00,1.00,BULK,2209052122
10/02/2026,MS-26-02598,OBM Sample,,BU-681-1435,ENDOTRACHEAL TUBE NASAL PREFORMED CUFFED FR 14 ID 3.5MM,,500.00,2508052857,BU-681-1435,ENDOTRACHEAL TUBE NASAL PREFORMED CUFFED FR 14 ID 3.5MM,,2.00,0.40,BULK,2503050825
10/02/2026,MS-26-02599,OBM Sample,,BU-506-2870T,ENDOTRACHEAL TUBE PVC ORAL / NASAL TYPE TAPERED CUFF WITH SUBGLOTTIC SUCTION PORT SIZE: 7.0 MM (ID),800.00,20250723,BU-506-2870T,ENDOTRACHEAL TUBE PVC ORAL / NASAL TYPE TAPERED CUFF WITH SUBGLOTTIC SUCTION PORT SIZE: 7.0 MM (ID),2.00,0.25,BULK,20250723
10/02/2026,MS-26-02600,OBM Sample,,BU-056-12PD,DRAIN, PENROSE, LATEX RUBBER, RADIOPAQUE, 1/2 X 12 INCH, DISPOSABLE, NO, HOLES, NO BUMPS, NO BLACK SPOTS.,8000.00,202307,BU-056-12PD,DRAIN, PENROSE, LATEX RUBBER, RADIOPAQUE, 1/2 X 12 INCH, DISPOSABLE, NO, HOLES, NO BUMPS, NO BLACK SPOTS.,32.00,0.40,BULK,202307
10/02/2026,MS-26-02601,OBM Sample,,BU-175-20ML,ORAL MEDICATION SYRINGE 20ML AMBER COLOR,7000.00,251120,BU-175-20ML,ORAL MEDICATION SYRINGE 20ML AMBER COLOR,3.00,0.04,BULK,251120
11/02/2026,MS-26-02589,OBM Sample,,BU-506-2870T,ENDOTRACHEAL TUBE PVC ORAL / NASAL TYPE TAPERED CUFF WITH SUBGLOTTIC SUCTION PORT SIZE: 7.0 MM (ID),800.00,20250723,BU-506-2870T,ENDOTRACHEAL TUBE PVC ORAL / NASAL TYPE TAPERED CUFF WITH SUBGLOTTIC SUCTION PORT SIZE: 7.0 MM (ID),1.00,0.13,BULK,20250723
11/02/2026,MS-26-02590,OBM Sample,,BU-431-1510,BLOOD TRANSFUSION SET WITH Y INJECTION SITE 20 DROPE /MIN U,265.00,200804,BU-431-1510,BLOOD TRANSFUSION SET WITH Y INJECTION SITE 20 DROPE /MIN U,4.00,1.51,BULK,181020
12/02/2026,MS-26-02604,OBM Sample,,G-431-1510,BLOODTRANSFUSIONSET,400.00,231208,BU-431-1510,BLOOD TRANSFUSION SET WITH Y INJECTION SITE 20 DROPE /MIN U,25.00,6.25,BULK,181020
12/02/2026,MS-26-02607,OBM Sample,,G-431-1510,BLOODTRANSFUSIONSET,360.00,2008804,BU-431-1510,BLOOD TRANSFUSION SET WITH Y INJECTION SITE 20 DROPE /MIN U,9.00,2.50,BULK,181020
14/02/2026,MS-26-02196,OBM Sample,,G-183-0000,SINGLE USE SYRINGE 60ML,18900.00,20250507,BU-183-0000,SYRINGE LUER LOCK 60ML WITHOUT NEEDLE -STERILE,21.00,0.11,RAM,20250507
14/02/2026,MS-26-02591,OBM Sample,,BU-183-0000,SYRINGE LUER LOCK 60ML WITHOUT NEEDLE -STERILE,18900.00,20250507,BU-183-0000,SYRINGE LUER LOCK 60ML WITHOUT NEEDLE -STERILE,19.00,0.10,BULK,20250507
17/02/2026,MS-26-02587,OBM Sample,,BU-501-2870,ENDOTRACHEALTUBEORAL/NASAL-CUFFEDFR28ID7.0MM,OD9.3MM,1600.00,2405051364,BU-501-2870,ENDOTRACHEALTUBEORAL/NASAL-CUFFEDFR28ID7.0MM,OD9.3MM,3.00,0.19,BULK,2405051364
17/02/2026,MS-26-02588,OBM Sample,,BU-428-0100,I.V GIVING SET 100 ML BURETTE 60 DROP(IVB-100-BBP),800.00,20200610,BU-428-0100,I.V GIVING SET 100 ML BURETTE 60 DROP(IVB-100-BBP),1.00,0.13,BULK,20200610
18/02/2026,MS-26-02592,OBM Sample,,BU-506-2665T,ENDOTRACHEAL TUBE PVC ORAL / NASAL TYPE TAPERED CUFF WITH SUBGLOTTIC SUCTION PORT SIZE: 6.5 MM (ID),120.00,20251009,BU-506-2665T,ENDOTRACHEAL TUBE PVC ORAL / NASAL TYPE TAPERED CUFF WITH SUBGLOTTIC SUCTION PORT SIZE: 6.5 MM (ID),1.00,0.83,BULK,20251009
18/02/2026,MS-26-02594,OBM Sample,,BU-501-3075,ENDOTRACHEALTUBEORAL/NASAL-CUFFEDFR30ID7.5MM,OD10.0MM,200.00,2405051364,BU-501-3075,ENDOTRACHEALTUBEORAL/NASAL-CUFFEDFR30ID7.5MM,OD10.0MM,2.00,1.00,BULK,2405051364
19/02/2026,MS-26-02597,OBM Sample,,G-442-1215,2-WAY F. CATHTER S/C SIZE: 12-15ML,281.00,220214,BU-442-1215,Catheter Folley 2-Ways Latex, 30-50cm Long with Two Lateral Eyes, Baloon Size: 5-15ml with Funnel End Valve Suitable to be Used with Syring Luer, Luer,2.00,0.71,RAM,220215
21/02/2026,MS-26-02387,OBM Sample,OBM AREA,G-056-12PD,PENROSE DRAINAGE TUBE SIZE: 1/2"X12 ",1000.00,202307,BU-056-12PD,DRAIN, PENROSE, LATEX RUBBER, RADIOPAQUE, 1/2 X 12 INCH, DISPOSABLE, NO, HOLES, NO BUMPS, NO BLACK SPOTS.,2.00,0.20,BULK,202307
21/02/2026,MS-26-02389,OBM Sample,OBM AREA,G-691-3280,ENDOTRACHEALTUBEORALPREFORMEDCUFFEDFR32ID8.0MM,OD10.7MM,200.00,2301050105,BU-691-3280,ENDOTRACHEAL TUBE ORAL PREFORMED CUFFED FR 32 ID 8.0MM, OD,1.00,0.50,BULK,2301050105
23/02/2026,MS-26-02619,OBM Sample,,G-PS-PS,PREEMIE PREMATURE BABY'S T-35,800.00,2025TF8226,BU-PS-PS,Pacifier  Preemie premature Baby - Size:  Small,13.00,1.63,BULK,2025TF8226
23/02/2026,MS-26-02620,OBM Sample,,G-PS-NBL,PACIFIERS PREEME SIZE FOR TERM BABY,2370.00,2025TF8254,BU-PS-NBL,Pacifier Soother Newborn - Size: Large,17.00,0.72,BULK,2025TF8254
23/02/2026,MS-26-02311,OBM Sample,INJECTION AREA,SUC-CON-T-180,SUCTIONCONNTUBES/S180CM.,4205.00,260203-3,SUC-CON-T-180,SUCTIONCONNTUBES/S180CM.,5.00,0.12,RAM,260203-3
23/02/2026,MS-26-02312,OBM Sample,INJECTION AREA,SUC-CON-T-180,SUCTIONCONNTUBES/S180CM.,3904.00,260201-1,SUC-CON-T-180,SUCTIONCONNTUBES/S180CM.,4.00,0.10,RAM,260201-1
23/02/2026,MS-26-02313,OBM Sample,INJECTION AREA,SUC-CON-T-180,SUCTIONCONNTUBES/S180CM.,3908.00,260201-1,SUC-CON-T-180,SUCTIONCONNTUBES/S180CM.,8.00,0.20,RAM,260201-1
25/02/2026,MS-26-02596,OBM Sample,,G-421-2138,IV INFUSION SET 210CM,2400.00,20250810,BU-421-2138,Infusion Set with Y Injection Site 20 Drop /min-Vented with Needle 21x1.5, Tube L=200Cm /210cm.,4.00,0.17,BULK,20250810
28/02/2026,MS-26-02621,OBM Sample,,G-PS-PS,PREEMIE PREMATURE BABY'S T-35,700.00,2025TF8226,BU-PS-PS,Pacifier  Preemie premature Baby - Size:  Small,5.00,0.71,BULK,2025TF8226
28/02/2026,MS-26-02622,OBM Sample,,G-PS-PMI,PACIFIER PREMIE, PREMATURE SIZE- MEDIUM,1400.00,2025TF8226,BU-PS-PMI,PACIFIER INFANT ORAL PLASTIC WITH SILICONETEAT REGULAR SZ:2,8.00,0.57,BULK,2025TF8226
28/02/2026,MS-26-02623,OBM Sample,,G-431-1510,BLOODTRANSFUSIONSET,400.00,20190105,BU-431-1510,BLOOD TRANSFUSION SET WITH Y INJECTION SITE 20 DROPE /MIN U,5.00,1.25,BULK,181020
28/02/2026,MS-26-02624,OBM Sample,,G-112-0550,FEEDING TUBE SIZE 05-50CM,400.00,20131015,BU-112-0550,FEEDING TUBE WITH X-RAY LINE SIZE CH 05 LENGTH-50 CM GREY,3.00,0.75,BULK,0517
01/03/2026,MS-26-02625,OBM Sample,,G-431-1510,BLOODTRANSFUSIONSET,280.00,181020,BU-431-1510,BLOOD TRANSFUSION SET WITH Y INJECTION SITE 20 DROPE /MIN U,5.00,1.79,BULK,181020
01/03/2026,MS-26-02626,OBM Sample,,G-442-1615,2-WAY F. CATHTER S/C SIZE: 16-15ML,150.00,250705,BU-431-1510,BLOOD TRANSFUSION SET WITH Y INJECTION SITE 20 DROPE /MIN U,6.00,4.00,BULK,181020
01/03/2026,MS-26-02627,OBM Sample,,G-442-1615,2-WAY F. CATHTER S/C SIZE: 16-15ML,1300.00,2508052857,BU-442-1615,2-WAY FOLEY CATHETER LATEX SILICONE COATED SIZE-16 WITH BALLOON 5-15ML, LENGTH-40CM,13.00,1.00,BULK,2508052857
01/03/2026,MS-26-02628,OBM Sample,,G-PS-PMI,PACIFIER PREMIE, PREMATURE SIZE- MEDIUM,1300.00,2025STF-8226,BU-PS-PMI,PACIFIER INFANT ORAL PLASTIC WITH SILICONETEAT REGULAR SZ:2,5.00,0.38,BULK,2025TF8226
02/03/2026,MS-26-02662,OBM Sample,,BU-112-0550,FEEDING TUBE WITH X-RAY LINE SIZE CH 05 LENGTH-50 CM GREY,1500.00,20131015,BU-112-0550,FEEDING TUBE WITH X-RAY LINE SIZE CH 05 LENGTH-50 CM GREY,5.00,0.33,BULK,0517
02/03/2026,MS-26-02663,OBM Sample,,BU-442-1415,Catheter Folley 2-Ways Latex, 30-50cm Long with   Lateral Eyes, Balloon Size: 5-15ml with Funnel End Valve Suitable to be Used with Syringe Luer, Luer,1300.00,2512024242,BU-442-1415,Catheter Folley 2-Ways Latex, 30-50cm Long with   Lateral Eyes, Balloon Size: 5-15ml with Funnel End Valve Suitable to be Used with Syringe Luer, Luer,67.00,5.15,BULK,2512054242
02/03/2026,MS-26-02664,OBM Sample,,BU-442-1415,Catheter Folley 2-Ways Latex, 30-50cm Long with   Lateral Eyes, Balloon Size: 5-15ml with Funnel End Valve Suitable to be Used with Syringe Luer, Luer,1000.00,20190105,BU-442-1415,Catheter Folley 2-Ways Latex, 30-50cm Long with   Lateral Eyes, Balloon Size: 5-15ml with Funnel End Valve Suitable to be Used with Syringe Luer, Luer,15.00,1.50,BULK,2507052473
04/03/2026,MS-26-02766,OBM Sample,,G-112-0550,FEEDING TUBE SIZE 05-50CM,1000.00,20131015,BU-112-0550,FEEDING TUBE WITH X-RAY LINE SIZE CH 05 LENGTH-50 CM GREY,1.00,0.10,BULK,0517
04/03/2026,MS-26-02767,OBM Sample,,G-431-1510,BLOODTRANSFUSIONSET,13000.00,20170105,BU-431-1510,BLOOD TRANSFUSION SET WITH Y INJECTION SITE 20 DROPE /MIN U,15.00,0.12,RAM,181020
04/03/2026,MS-26-02749,OBM Sample,,G-112-0550,FEEDING TUBE SIZE 05-50CM,1000.00,20131015,BU-112-0550,FEEDING TUBE WITH X-RAY LINE SIZE CH 05 LENGTH-50 CM GREY,1.00,0.10,BULK,0517
05/03/2026,MS-26-02818,OBM Sample,,G-093-1500C,LARYNGEAL MASK AIRWAY HYPER CURVE 90 DEGREE ANGLE SIZE- 1.5,200.00,CY25M12,BU-093-1500C,LARYNGEAL MASK AIRWAY HYPER CURVE 90 DEGREE ANGLE SIZE- 1.5,1.00,0.50,BULK,CY25M12
05/03/2026,MS-26-02819,OBM Sample,,G-681-18451,ENDOTRACHEAL TUBE PRE FORMED NASL CUFFED ,PVC SPECIALIST SOFT SIZE - ID 4.5,1730.00,2511540119,BU-681-18451,ETT PVC SPECIALIST SOFT NASAL CUFF, SIZE- 4.5 MM,1.00,0.06,BULK,2511054119
07/03/2026,MS-26-02814,OBM Sample,,G-093-4000,LARYENGEL AIRWAY SIZE 4.0,816.00,231028,BU-093-4000,LARYNGLE AIRWAY MASK SIZE: 4 PVC FOR PATIENT 50-70 KG CUFF,250.00,30.64,RAM,231028
08/03/2026,MS-26-02866,OBM Sample,,G-093-5000,LARYENGEL AIRWAY SIZE 5.0,330.00,231028,BU-093-5000,LARYNGLE AIRWAY MASK SIZE: 5 PVC FOR PATIENT 70-100 KG CUFF,82.00,24.85,RAM,231028
09/03/2026,MS-26-02932,OBM Sample,,G-501-3075,ENDOTRACHEALTUBE O/N CUFFED SIZE # 7.5MM,4190.00,251105,BU-501-3075,ENDOTRACHEALTUBEORAL/NASAL-CUFFEDFR30ID7.5MM,OD10.0MM,2.00,0.05,BULK,2511054117
11/03/2026,MS-26-03045,OBM Sample,,G-501-3075,ENDOTRACHEALTUBE O/N CUFFED SIZE # 7.5MM,820.00,251105,BU-501-3075,ENDOTRACHEALTUBEORAL/NASAL-CUFFEDFR30ID7.5MM,OD10.0MM,1.00,0.12,BULK,2511054117
11/03/2026,MS-26-03046,OBM Sample,,G-501-3075,ENDOTRACHEALTUBE O/N CUFFED SIZE # 7.5MM,2374.00,251105,BU-501-3075,ENDOTRACHEALTUBEORAL/NASAL-CUFFEDFR30ID7.5MM,OD10.0MM,1.00,0.04,BULK,2511054117
17/03/2026,MS-26-03455,OBM Sample,,BU-506-3075T,ENDOTRACHEAL TUBE ORAL / NASAL TAPERED CUFF, WITH SUBGLOTTIC SUCTION PORT SIZE 7.5MM DISPOSABLE,759.00,20251220,BU-506-3075T,ENDOTRACHEAL TUBE ORAL / NASAL TAPERED CUFF, WITH SUBGLOTTIC SUCTION PORT SIZE 7.5MM DISPOSABLE,4.00,0.53,BULK,20251220
17/03/2026,MS-26-03456,OBM Sample,,BU-501-2870C,ENDOTRACHEAL TUBE ORAL/NASALCONICAL SHAPE CUFF, WITH TWO VOCAL CORD MARKING SIZE, 7.0MM (ID),851.00,20251220,BU-501-2870C,ENDOTRACHEAL TUBE ORAL/NASALCONICAL SHAPE CUFF, WITH TWO VOCAL CORD MARKING SIZE, 7.0MM (ID),2.00,0.24,BULK,20251220
17/03/2026,MS-26-03457,OBM Sample,,BU-501-2460C,ENDOTRACHEAL TUBE ORAL / NASAL PROFILE CONICAL SHAPE CUFF WITH TWO VOCAL CORD MARKING  DISPOSABLE, STERILE, SIZE, 6.0MM ID.,1450.00,20251220,BU-501-2460C,ENDOTRACHEAL TUBE ORAL / NASAL PROFILE CONICAL SHAPE CUFF WITH TWO VOCAL CORD MARKING  DISPOSABLE, STERILE, SIZE, 6.0MM ID.,2.00,0.14,BULK,20251220
17/03/2026,MS-26-03458,OBM Sample,,BU-506-2870T,ENDOTRACHEAL TUBE PVC ORAL / NASAL TYPE TAPERED CUFF WITH SUBGLOTTIC SUCTION PORT SIZE: 7.0 MM (ID),250.00,20250723,BU-506-2870T,ENDOTRACHEAL TUBE PVC ORAL / NASAL TYPE TAPERED CUFF WITH SUBGLOTTIC SUCTION PORT SIZE: 7.0 MM (ID),1.00,0.40,BULK,20250723
18/03/2026,MS-26-03453,OBM Sample,,BU-501-2460C,ENDOTRACHEAL TUBE ORAL / NASAL PROFILE CONICAL SHAPE CUFF WITH TWO VOCAL CORD MARKING  DISPOSABLE, STERILE, SIZE, 6.0MM ID.,1703.00,20251220,BU-501-2460C,ENDOTRACHEAL TUBE ORAL / NASAL PROFILE CONICAL SHAPE CUFF WITH TWO VOCAL CORD MARKING  DISPOSABLE, STERILE, SIZE, 6.0MM ID.,2.00,0.12,BULK,20251220
18/03/2026,MS-26-03459,OBM Sample,,BU-502-2870C,TUBE ENDOTRACHEAL REINFORCED ORAL/NASAL CONICAL SHAPE CUFF HIGH VOLUME/LOW PRESSURE TWO MARKING VOCAL CORD SIZE: 7.0 ID.,1580.00,20251220,BU-502-2870C,TUBE ENDOTRACHEAL REINFORCED ORAL/NASAL CONICAL SHAPE CUFF HIGH VOLUME/LOW PRESSURE TWO MARKING VOCAL CORD SIZE: 7.0 ID.,1.00,0.06,BULK,20251220
19/03/2026,MS-26-03448,OBM Sample,,BU-502-2460C,ENDOTRACHEAL TUBE REINFORCED ORAL/NASAL CONICAL SHAPE CUFF, WITH TWO VOCAL CORD MARKING SIZE, 6.0MM (ID),1280.00,202251220,BU-502-2460C,ENDOTRACHEAL TUBE REINFORCED ORAL/NASAL CONICAL SHAPE CUFF, WITH TWO VOCAL CORD MARKING SIZE, 6.0MM (ID),11.00,0.86,BULK,20251220
19/03/2026,MS-26-03450,OBM Sample,,BU-506-3075,ENDOTRACHEAL TUBE WITH SUBGLOTTIC SUCTION PORT CUFFED FR 30,300.00,20251220,BU-506-3075,ENDOTRACHEAL TUBE WITH SUBGLOTTIC SUCTION PORT CUFFED FR 30,1.00,0.33,BULK,2209052122
22/03/2026,MS-26-03451,OBM Sample,,BU-506-2870T,ENDOTRACHEAL TUBE PVC ORAL / NASAL TYPE TAPERED CUFF WITH SUBGLOTTIC SUCTION PORT SIZE: 7.0 MM (ID),200.00,20250723,BU-506-2870T,ENDOTRACHEAL TUBE PVC ORAL / NASAL TYPE TAPERED CUFF WITH SUBGLOTTIC SUCTION PORT SIZE: 7.0 MM (ID),1.00,0.50,BULK,20250723
22/03/2026,MS-26-03452,OBM Sample,,BU-506-2255,ETT SUBG. SUC PORT SIZE 5.5,50.00,220115009,BU-506-2255,ETT SUBG. SUC PORT SIZE 5.5,1.00,2.00,BULK,2201150009
26/03/2026,MS-26-03775,OBM Sample,,BU-372-40ML,EXTRACTOR, FOR MUCUS, SPECIMEN PLASTIC- STERILE, INDIVIDUALLY PACKED, FOR COLLECTION OF NASOPHARYNGEAL SECRETIONS FOR TESTING WITH 40 ML SAMPL E COLLE,1600.00,251101,BU-372-40ML,EXTRACTOR, FOR MUCUS, SPECIMEN PLASTIC- STERILE, INDIVIDUALLY PACKED, FOR COLLECTION OF NASOPHARYNGEAL SECRETIONS FOR TESTING WITH 40 ML SAMPL E COLLE,4.00,0.25,BULK,251101
27/03/2026,MS-26-03765,OBM Sample,,BU-372-40ML,EXTRACTOR, FOR MUCUS, SPECIMEN PLASTIC- STERILE, INDIVIDUALLY PACKED, FOR COLLECTION OF NASOPHARYNGEAL SECRETIONS FOR TESTING WITH 40 ML SAMPL E COLLE,600.00,251101,BU-372-40ML,EXTRACTOR, FOR MUCUS, SPECIMEN PLASTIC- STERILE, INDIVIDUALLY PACKED, FOR COLLECTION OF NASOPHARYNGEAL SECRETIONS FOR TESTING WITH 40 ML SAMPL E COLLE,1.00,0.17,BULK,251101
27/03/2026,MS-26-03772,OBM Sample,,BU-372-40ML,EXTRACTOR, FOR MUCUS, SPECIMEN PLASTIC- STERILE, INDIVIDUALLY PACKED, FOR COLLECTION OF NASOPHARYNGEAL SECRETIONS FOR TESTING WITH 40 ML SAMPL E COLLE,600.00,251101,BU-372-40ML,EXTRACTOR, FOR MUCUS, SPECIMEN PLASTIC- STERILE, INDIVIDUALLY PACKED, FOR COLLECTION OF NASOPHARYNGEAL SECRETIONS FOR TESTING WITH 40 ML SAMPL E COLLE,1.00,0.17,BULK,251101
28/03/2026,MS-26-03771,OBM Sample,,BU-372-40ML,EXTRACTOR, FOR MUCUS, SPECIMEN PLASTIC- STERILE, INDIVIDUALLY PACKED, FOR COLLECTION OF NASOPHARYNGEAL SECRETIONS FOR TESTING WITH 40 ML SAMPL E COLLE,1400.00,251101,BU-372-40ML,EXTRACTOR, FOR MUCUS, SPECIMEN PLASTIC- STERILE, INDIVIDUALLY PACKED, FOR COLLECTION OF NASOPHARYNGEAL SECRETIONS FOR TESTING WITH 40 ML SAMPL E COLLE,22.00,1.57,BULK,251101
30/03/2026,MS-26-03773,OBM Sample,,BU-093-1000,LARYNGLE AIRWAY MASK SIZE:1 PVC,1082.00,CD14J03,BU-093-1000,LARYNGLE AIRWAY MASK SIZE:1 PVC,235.00,21.72,BULK,OP
30/03/2026,MS-26-03773,OBM Sample,,BU-093-1000,LARYNGLE AIRWAY MASK SIZE:1 PVC,1082.00,CD14J03,BU-093-1000,LARYNGLE AIRWAY MASK SIZE:1 PVC,58.00,5.36,BULK,OP
30/03/2026,MS-26-03773,OBM Sample,,BU-093-1000,LARYNGLE AIRWAY MASK SIZE:1 PVC,1082.00,CD14J03,BU-093-1000,LARYNGLE AIRWAY MASK SIZE:1 PVC,603.00,55.73,BULK,OP
30/03/2026,MS-26-03774,OBM Sample,,BU-093-1000,LARYNGLE AIRWAY MASK SIZE:1 PVC,600.00,CDI4J03,BU-093-1000,LARYNGLE AIRWAY MASK SIZE:1 PVC,400.00,66.67,BULK,OP
Grand Total,,,,,,164244.00,,,,2311.00,257.63,,