عنوان URL,تاريخ آخر زحف
https://brightai.site/sitemap.xml,2026-04-19
https://brightai.site/smart-medical-archive/,2026-04-14
https://brightai.site/tenders/,2026-04-14
https://brightai.site/tools/,2026-04-14
https://brightai.site/data-analysis/,2026-04-14
https://brightai.site/smart-automation/,2026-04-14
https://brightai.site/ai-scolecs/,2026-04-14
https://brightai.site/ai-workflows/,2026-04-14
https://brightai.site/blog/,2026-04-14
https://brightai.site/ai-agent/,2026-04-14
https://brightai.site/about/,2026-04-14
https://brightai.site/consultation/,2026-03-18
https://brightai.site/ai-bots/,2026-03-18
https://brightai.site/ai-workflows,2026-03-18
https://brightai.site/docs,2026-03-06
https://brightai.site/frontend/pages/blogger/nca-compliance,2026-03-01
https://brightai.site/frontend/pages/try/index.html,2026-02-23
https://brightai.site/frontend/pages/ai-bots/BrightProject/index.html,2026-02-22
https://brightai.site/frontend/pages/ai-bots/BrightSales/index.html,2026-02-22
https://brightai.site/frontend/pages/ai-bots/BrightRecruiter/index.html,2026-02-22
https://brightai.site/frontend/pages/ai-workflows/index.html,2026-02-22
https://brightai.site/frontend/pages/our-products/index.html,2026-02-22
https://brightai.site/frontend/pages/ai-bots/index.html,2026-02-22
https://brightai.site/frontend/pages/about-us/index.html,2026-02-21
https://brightai.site/frontend/pages/contact/index.html,2026-02-21
https://brightai.site/frontend/pages/ai-agent/index.html,2026-02-21
https://brightai.site/frontend/pages/consultation/index.html,2026-02-21
https://brightai.site/frontend/pages/data-analysis/index.html,2026-02-21
https://brightai.site/frontend/pages/smart-medical-archive/index.html,2026-02-21
https://brightai.site/frontend/pages/smart-automation/index.html,2026-02-21
https://brightai.site/robots.txt,2026-02-14
http://www.brightai.site/,2026-02-07
https://www.brightai.site/,2026-02-07
https://brightai.site/smart-automation.html,2026-01-19
https://brightai.site/ai-agent.html,2026-01-12
https://brightai.site/blogger/ai-generative-content-industry-saudi-arabia.html,2025-08-30