link_id,from_url,from_title,from_type,from_pillar,to_url,to_title,to_type,to_pillar,anchor_text_ar,anchor_text_en,priority,placement,reason,safe_to_add_now,notes
L001,/,Homepage,pillar,P1,/solutions/ai-governance-platform/,AI Governance Platform,pillar,P2,"منصة حوكمة الذكاء الاصطناعي","AI Governance Platform",1,hero-cta,"Mother Platform hero CTA on homepage anchors all commercial traffic to P2",yes,exists-via-hero
L002,/,Homepage,pillar,P1,/services/,Services Overview,pillar,P1,"خدمات حوكمة الذكاء الاصطناعي","AI governance services",1,header-nav,"Services hub reinforces P1 cluster scope",yes,exists-via-main-nav
L003,/,Homepage,pillar,P1,/trust/,Trust Center,cluster,P1,"مركز الثقة","Trust center",1,footer-section,"Trust center validites E-E-A-T for entire site",yes,exists-via-footer
L004,/,Homepage,pillar,P1,/blog/ai-governance-saudi-arabia/,AI Governance Saudi Arabia,cluster,P2,"حوكمة الذكاء الاصطناعي في السعودية","AI governance in Saudi",2,resources-section,"Saudi-specific article best matches Saudi AI Safety OS positioning",yes,exists-via-relatedposts
L005,/,Homepage,pillar,P1,/assessment/ai-governance-readiness/,Readiness Assessment,cluster,P1,"تقييم جاهزية حوكمة الذكاء الاصطناعي","Readiness assessment",2,lead-magnet-section,"Assessment is primary lead capture for P1",yes,exists-via-cta
L006,/,Homepage,pillar,P1,/pricing/,Pricing,cluster,P1,"الأسعار","Pricing",2,footer-cta,"Pricing entry point directly below hero CTA",yes,exists-via-header
L007,/solutions/ai-governance-platform/,AI Governance Platform,pillar,P2,/solutions/ai-firewall/,AI Firewall,pillar,P5,"جدار حماية الذكاء الاصطناعي","AI Firewall",1,related-products,"Child product 1 of 4 in solutions.ts related field",yes,exists-via-related-field
L008,/solutions/ai-governance-platform/,AI Governance Platform,pillar,P2,/solutions/ai-audit-trail/,AI Audit Trail,cluster,P6,"مسار تدقيق الذكاء الاصطناعي","AI Audit Trail",1,related-products,"Child product 2 of 4 in solutions.ts related field",yes,exists-via-related-field
L009,/solutions/ai-governance-platform/,AI Governance Platform,pillar,P2,/solutions/human-approval-layer/,Human Approval Layer,cluster,P2,"طبقة الموافقة البشرية","Human approval layer",1,related-products,"Child product 3 of 4 in solutions.ts related field",yes,exists-via-related-field
L010,/solutions/ai-governance-platform/,AI Governance Platform,pillar,P2,/solutions/ai-evidence-file/,AI Evidence File,pillar,P6,"ملف أدلة الذكاء الاصطناعي","AI Evidence File",1,related-products,"Child product 4 of 4 in solutions.ts related field",yes,exists-via-related-field
L011,/solutions/ai-governance-platform/,AI Governance Platform,pillar,P2,/blog/ai-governance/,AI Governance Blog,cluster,P2,"حوكمة الذكاء الاصطناعي السعودية","AI Governance Saudi blog",1,blog-cta,"Foundational blog linked from platform CTA section",yes,exists-via-blog-field
L012,/solutions/ai-governance-platform/,AI Governance Platform,pillar,P2,/docs/ai-governance-platform/,AI Governance Platform Doc,cluster,P2,"توثيق منصة حوكمة الذكاء الاصطناعي","Platform documentation",1,docs-cta,"Technical doc reference for developers and CISOs",yes,exists-via-docs-field
L013,/solutions/ai-governance-platform/,AI Governance Platform,pillar,P2,/kernel/,BrightAI Kernel,pillar,P7,"كيرنل برايت آي","BrightAI Kernel",1,product-reference,"Kernel is operational implementation of platform",yes,exists-via-kernel-field
L014,/solutions/ai-governance-platform/,AI Governance Platform,pillar,P2,/solutions/banking-ai-governance/,Banking AI Governance,cluster,P2,"حوكمة الذكاء الاصطناعي في البنوك","Banking AI governance",2,sector-selector,"Sector 1 of 4 — financial sector adaptation",yes,exists-via-sectors-list
L015,/solutions/ai-governance-platform/,AI Governance Platform,pillar,P2,/solutions/government-ai-governance/,Government AI Governance,cluster,P2,"حوكمة الذكاء الاصطناعي في الجهات الحكومية","Government AI governance",2,sector-selector,"Sector 2 of 4 — government sector adaptation",yes,exists-via-sectors-list
L016,/solutions/ai-governance-platform/,AI Governance Platform,pillar,P2,/solutions/healthcare-ai-governance/,Healthcare AI Governance,cluster,P2,"حوكمة الذكاء الاصطناعي في الرعاية الصحية","Healthcare AI governance",2,sector-selector,"Sector 3 of 4 — healthcare sector adaptation",yes,exists-via-sectors-list
L017,/solutions/ai-governance-platform/,AI Governance Platform,pillar,P2,/solutions/manufacturing-ai-governance/,Manufacturing AI Governance,cluster,P2,"حوكمة الذكاء الاصطناعي في القطاع الصناعي","Manufacturing AI governance",2,sector-selector,"Sector 4 of 4 — industrial sector adaptation",yes,exists-via-sectors-list
L018,/solutions/ai-governance-platform/,AI Governance Platform,pillar,P2,/blog/best-ai-governance-platforms-2026/,Best AI Governance Platforms 2026,cluster,P2,"مقارنة منصات حوكمة AI في 2026","Best AI governance platforms 2026",2,comparison-section,"Temporal comparison article situates platform vs market",no,requires-add-to-relatedposts-or-new-block-text-mod
L019,/solutions/ai-governance-platform/,AI Governance Platform,pillar,P2,/blog/pdpl-ai-compliance-guide/,PDPL AI Compliance Guide,cluster,P3,"دليل PDPL والذكاء الاصطناعي","PDPL AI Compliance Guide",1,compliance-section,"Compliance validation — PDPL alignment explicit",no,requires-cross-pillar-widget-or-inline-text-mod
L020,/solutions/ai-governance-platform/,AI Governance Platform,pillar,P2,/docs/nca-ecc-ai-controls/,NCA ECC AI Controls,cluster,P4,"ضوابط NCA ECC للذكاء الاصطناعي","NCA ECC AI controls",1,security-section,"Cybersecurity compliance validation — NCA ECC alignment explicit",no,requires-cross-pillar-widget-or-inline-text-mod
L021,/solutions/ai-firewall/,AI Firewall,pillar,P5,/solutions/ai-audit-trail/,AI Audit Trail,cluster,P6,"مسار تدقيق الذكاء الاصطناعي","AI Audit Trail",1,related-products,"Logs blocked firewall attempts to immutable audit trail",yes,exists-via-related-field
L022,/solutions/ai-firewall/,AI Firewall,pillar,P5,/solutions/ai-risk-classification/,AI Risk Classification,cluster,P2,"تصنيف مخاطر الذكاء الاصطناعي","AI risk classification",1,related-products,"Firewall uses risk classification to decide block/allow",yes,exists-via-related-field
L023,/solutions/ai-firewall/,AI Firewall,pillar,P5,/solutions/human-approval-layer/,Human Approval Layer,cluster,P2,"طبقة الموافقة البشرية","Human approval layer",1,related-products,"High-risk prompts escalate to human approval",yes,exists-via-related-field
L024,/solutions/ai-firewall/,AI Firewall,pillar,P5,/docs/ai-firewall/,AI Firewall Doc,cluster,P5,"توثيق AI Firewall","AI Firewall documentation",1,docs-cta,"Technical reference for security architects",yes,exists-via-docs-field
L025,/solutions/ai-firewall/,AI Firewall,pillar,P5,/blog/ai-firewall-why-you-need-it/,AI Firewall Why You Need It,cluster,P5,"لماذا تحتاج AI Firewall","Why you need AI Firewall",1,blog-cta,"Foundational article on firewall necessity",yes,exists-via-blog-field
L026,/solutions/ai-firewall/,AI Firewall,pillar,P5,/kernel/chat/,Kernel Chat,cluster,P7,"محادثة كيرنل","Kernel Chat",1,product-reference,"Kernel Chat enforces firewall policies in chat layer",yes,exists-via-kernel-field
L027,/solutions/ai-firewall/,AI Firewall,pillar,P5,/blog/pdpl-ai-compliance-guide/,PDPL AI Compliance Guide,cluster,P3,"دليل PDPL والذكاء الاصطناعي","PDPL AI Compliance Guide",1,compliance-section,"Firewall prevents data leakage = PDPL compliance pillar",no,requires-cross-pillar-widget-or-inline-text-mod
L028,/solutions/ai-firewall/,AI Firewall,pillar,P5,/docs/nca-ecc-ai-controls/,NCA ECC AI Controls,cluster,P4,"ضوابط NCA ECC","NCA ECC controls",1,security-section,"Firewall implements NCA ECC technical controls",no,requires-cross-pillar-widget-or-inline-text-mod
L029,/solutions/ai-firewall/,AI Firewall,pillar,P5,/solutions/ai-evidence-file/,AI Evidence File,cluster,P6,"ملف أدلة الذكاء الاصطناعي","AI Evidence File",2,evidence-section,"Firewall block events logged into evidence file",no,requires-cross-pillar-widget-or-inline-text-mod
L030,/solutions/ai-evidence-file/,AI Evidence File,pillar,P6,/solutions/ai-audit-trail/,AI Audit Trail,cluster,P6,"مسار تدقيق الذكاء الاصطناعي","AI Audit Trail",1,related-products,"Source data feed for evidence file generation",yes,exists-via-related-field
L031,/solutions/ai-evidence-file/,AI Evidence File,pillar,P6,/solutions/human-approval-layer/,Human Approval Layer,cluster,P2,"طبقة الموافقة البشرية","Human approval layer",1,related-products,"Approval signatures become evidence items",yes,exists-via-related-field
L032,/solutions/ai-evidence-file/,AI Evidence File,pillar,P6,/solutions/continuous-ai-governance/,Continuous AI Governance,cluster,P2,"الحوكمة المستمرة للذكاء الاصطناعي","Continuous AI governance",1,related-products,"Continuous governance generates continuous evidence",yes,exists-via-related-field
L033,/solutions/ai-evidence-file/,AI Evidence File,pillar,P6,/blog/ai-audit-trail-compliance-path/,AI Audit Trail Compliance Path,cluster,P6,"مسار امتثال AI Audit Trail","AI Audit Trail compliance path",1,blog-cta,"Methodology blog explaining evidence compilation",yes,exists-via-blog-field
L034,/solutions/ai-evidence-file/,AI Evidence File,pillar,P6,/docs/ai-evidence-file/,AI Evidence File Doc,cluster,P6,"توثيق ملف الأدلة","Evidence file documentation",1,docs-cta,"Technical reference for compliance teams",yes,exists-via-docs-field
L035,/solutions/ai-evidence-file/,AI Evidence File,pillar,P6,/kernel/evidence/,Kernel Evidence,cluster,P7,"أدلة كيرنل","Kernel Evidence",1,product-reference,"Kernel evidence module generates the evidence file",yes,exists-via-kernel-field
L036,/solutions/ai-evidence-file/,AI Evidence File,pillar,P6,/blog/pdpl-ai-compliance-guide/,PDPL AI Compliance Guide,cluster,P3,"دليل PDPL والذكاء الاصطناعي","PDPL AI Compliance Guide",1,compliance-section,"Evidence file fulfills PDPL documentation requirements",no,requires-cross-pillar-widget-or-inline-text-mod
L037,/solutions/ai-evidence-file/,AI Evidence File,pillar,P6,/docs/nca-ecc-ai-controls/,NCA ECC AI Controls,cluster,P4,"ضوابط NCA ECC","NCA ECC controls",1,security-section,"Evidence file fulfills NCA documentation requirements",no,requires-cross-pillar-widget-or-inline-text-mod
L038,/blog/pdpl-ai-compliance-guide/,PDPL AI Compliance Guide,cluster,P3,/solutions/ai-governance-platform/,AI Governance Platform,pillar,P2,"منصة حوكمة الذكاء الاصطناعي","AI Governance Platform",1,related-content,"Platform is the operational answer to PDPL compliance",no,requires-related-posts-override-or-inline-text-mod
L039,/blog/pdpl-ai-compliance-guide/,PDPL AI Compliance Guide,cluster,P3,/solutions/ai-firewall/,AI Firewall,pillar,P5,"جدار حماية الذكاء الاصطناعي","AI Firewall",2,related-content,"Firewall prevents PDPL violations (data leakage)",no,requires-related-posts-override-or-inline-text-mod
L040,/blog/pdpl-ai-compliance-guide/,PDPL AI Compliance Guide,cluster,P3,/solutions/ai-evidence-file/,AI Evidence File,pillar,P6,"ملف أدلة الذكاء الاصطناعي","AI Evidence File",1,related-content,"Evidence file provides PDPL audit documentation",no,requires-related-posts-override-or-inline-text-mod
L041,/blog/pdpl-ai-compliance-guide/,PDPL AI Compliance Guide,cluster,P3,/docs/pdpl-ai-complete-guide/,PDPL AI Complete Guide,cluster,P3,"دليل PDPL الشامل","PDPL complete guide",1,related-content,"Companion pillar doc with deeper PDPL coverage",no,requires-related-posts-override-or-inline-text-mod
L042,/blog/pdpl-ai-compliance-guide/,PDPL AI Compliance Guide,cluster,P3,/blog/pdpl-and-ai-saudi/,PDPL and AI Saudi,cluster,P3,"PDPL والذكاء الاصطناعي","PDPL and AI Saudi",2,related-content,"Foundational sister article on PDPL+AI",yes,exists-via-relatedposts-tags
L043,/blog/pdpl-ai-compliance-guide/,PDPL AI Compliance Guide,cluster,P3,/blog/pdpl-ai-safety/,PDPL AI Safety,cluster,P3,"PDPL وسلامة الذكاء الاصطناعي","PDPL AI safety",2,related-content,"Sister article on PDPL safety angle",yes,exists-via-relatedposts-tags
L044,/blog/pdpl-ai-compliance-guide/,PDPL AI Compliance Guide,cluster,P3,/pdpl-statement/,PDPL Statement,cluster,P3,"بيان PDPL","PDPL statement",2,related-content,"Legal statement provides compliance basis",yes,exists-via-relatedposts-or-footer
L045,/docs/nca-ecc-ai-controls/,NCA ECC AI Controls,cluster,P4,/solutions/ai-firewall/,AI Firewall,pillar,P5,"جدار حماية الذكاء الاصطناعي","AI Firewall",1,related-content,"Firewall is technical implementation of NCA controls",no,requires-related-posts-override-or-inline-text-mod
L046,/docs/nca-ecc-ai-controls/,NCA ECC AI Controls,cluster,P4,/blog/nca-ecc-ai-controls-guide/,NCA ECC AI Controls Guide,cluster,P4,"ضوابط NCA ECC خطوة بخطوة","NCA ECC controls guide",1,related-content,"Companion blog guide explaining NCA controls operationally",no,requires-related-posts-override-or-inline-text-mod
L047,/docs/nca-ecc-ai-controls/,NCA ECC AI Controls,cluster,P4,/docs/nca-ecc-ai-guide/,NCA ECC AI Guide,cluster,P4,"دليل NCA ECC للذكاء الاصطناعي","NCA ECC AI guide",1,related-content,"Companion pillar doc with broader NCA coverage",no,requires-related-posts-override-or-inline-text-mod
L048,/docs/nca-ecc-ai-controls/,NCA ECC AI Controls,cluster,P4,/docs/nca-ecc-ai-controls-mapping/,NCA ECC AI Controls Mapping,cluster,P4,"ربط ضوابط NCA","NCA ECC controls mapping",2,related-content,"Companion mapping guide",no,requires-related-posts-override-or-inline-text-mod
L049,/docs/nca-ecc-ai-controls/,NCA ECC AI Controls,cluster,P4,/solutions/ai-governance-platform/,AI Governance Platform,pillar,P2,"منصة حوكمة الذكاء الاصطناعي","AI Governance Platform",2,related-content,"Platform operationalizes NCA controls",no,requires-related-posts-override-or-inline-text-mod
L050,/docs/nca-ecc-ai-controls/,NCA ECC AI Controls,cluster,P4,/blog/ai-red-teaming-security-testing/,AI Red Teaming Security Testing,cluster,P4,"اختبار أمان AI Red Teaming","AI red teaming security testing",2,related-content,"Testing methodology validates NCA controls",yes,exists-via-relatedposts-tags
L051,/blog/what-is-ai-governance-saudi-companies/,What Is AI Governance Saudi Companies,cluster,P2,/solutions/ai-governance-platform/,AI Governance Platform,pillar,P2,"منصة حوكمة الذكاء الاصطناعي","AI Governance Platform",1,related-content,"Definitional article leads to platform solution",yes,exists-via-relatedposts-tags-or-blog-field
L052,/blog/what-is-ai-governance-saudi-companies/,What Is AI Governance Saudi Companies,cluster,P2,/blog/ai-governance/,AI Governance Comprehensive,cluster,P2,"حوكمة الذكاء الاصطناعي","AI governance",2,related-content,"Comprehensive sister pillar article",yes,exists-via-relatedposts-tags-or-category
L053,/blog/ai-firewall-why-you-need-it/,AI Firewall Why You Need It,cluster,P5,/solutions/ai-firewall/,AI Firewall,pillar,P5,"جدار حماية الذكاء الاصطناعي","AI Firewall",1,related-content,"Blog leads to firewall solution page",yes,exists-via-relatedposts-or-blog-field
L054,/blog/ai-firewall-why-you-need-it/,AI Firewall Why You Need It,cluster,P5,/docs/ai-firewall/,AI Firewall Doc,cluster,P5,"توثيق AI Firewall","AI Firewall documentation",2,related-content,"Technical doc reference for CISOs",yes,exists-via-relatedposts-tags
L055,/blog/ai-firewall-why-you-need-it/,AI Firewall Why You Need It,cluster,P5,/blog/hidden-ai-risks-saudi-organizations/,Hidden AI Risks Saudi,cluster,P5,"مخاطر الذكاء الاصطناعي الخفية","Hidden AI risks in Saudi orgs",2,related-content,"Risk motivation article",yes,exists-via-relatedposts-tags-or-category
L056,/blog/ai-audit-trail-saudi/,AI Audit Trail Saudi,cluster,P6,/solutions/ai-audit-trail/,AI Audit Trail,cluster,P6,"مسار تدقيق الذكاء الاصطناعي","AI audit trail",1,related-content,"Comprehensive pillar article leads to audit trail solution",yes,exists-via-relatedposts-or-blog-field
L057,/blog/ai-audit-trail-saudi/,AI Audit Trail Saudi,cluster,P6,/solutions/ai-evidence-file/,AI Evidence File,pillar,P6,"ملف أدلة الذكاء الاصطناعي","AI evidence file",1,related-content,"Audit trail feeds evidence file",no,requires-related-posts-override-or-inline-text-mod
L058,/blog/ai-audit-trail-saudi/,AI Audit Trail Saudi,cluster,P6,/blog/ai-audit-trail-compliance-path/,AI Audit Trail Compliance Path,cluster,P6,"مسار امتثال AI Audit Trail","AI audit trail compliance path",2,related-content,"Methodology sister article",yes,exists-via-relatedposts-tags-or-category
L059,/blog/iso-42001-saudi-implementation-guide/,ISO 42001 Saudi Implementation Guide,cluster,P4,/docs/nca-ecc-ai-controls/,NCA ECC AI Controls,cluster,P4,"ضوابط NCA ECC","NCA ECC controls",2,related-content,"ISO 42001 complements NCA ECC",no,requires-related-posts-override-or-inline-text-mod
L060,/blog/iso-42001-saudi-implementation-guide/,ISO 42001 Saudi Implementation Guide,cluster,P4,/solutions/ai-governance-platform/,AI Governance Platform,pillar,P2,"منصة حوكمة الذكاء الاصطناعي","AI governance platform",2,related-content,"Platform implements ISO 42001 framework",no,requires-related-posts-override-or-inline-text-mod
L061,/blog/iso-42001-saudi-implementation-guide/,ISO 42001 Saudi Implementation Guide,cluster,P4,/blog/nca-ecc-ai-controls-guide/,NCA ECC AI Controls Guide,cluster,P4,"ضوابط NCA ECC","NCA ECC controls guide",2,related-content,"Companion regulatory pillar article",yes,exists-via-relatedposts-tags
L062,/blog/nca-ecc-ai-controls-guide/,NCA ECC AI Controls Guide,cluster,P4,/docs/nca-ecc-ai-controls/,NCA ECC AI Controls,cluster,P4,"توثيق ضوابط NCA ECC","NCA ECC controls full doc",1,related-content,"Blog companion leads to comprehensive pillar doc",yes,exists-via-relatedposts-or-docs-reference
L063,/blog/nca-ecc-ai-controls-guide/,NCA ECC AI Controls Guide,cluster,P4,/solutions/ai-firewall/,AI Firewall,pillar,P5,"جدار حماية الذكاء الاصطناعي","AI Firewall",2,related-content,"Firewall implements NCA controls operationally",no,requires-related-posts-override-or-inline-text-mod
L064,/solutions/banking-ai-governance/,Banking AI Governance,cluster,P2,/blog/banking-ai-governance-sama-requirements/,Banking AI Governance SAMA Requirements,cluster,P2,"حوكمة AI في البنوك السعودية","Banking AI governance Saudi",1,related-content,"Sector page leads to SAMA-focused blog",yes,exists-via-relatedposts-tags
L065,/solutions/banking-ai-governance/,Banking AI Governance,cluster,P2,/solutions/ai-firewall/,AI Firewall,pillar,P5,"جدار حماية الذكاء الاصطناعي","AI Firewall",1,related-products,"Firewall protects banking data",yes,exists-via-related-field
L066,/solutions/banking-ai-governance/,Banking AI Governance,cluster,P2,/solutions/ai-audit-trail/,AI Audit Trail,cluster,P6,"مسار تدقيق AI","AI audit trail",1,related-products,"Audit trail for SAMA compliance",yes,exists-via-related-field
L067,/solutions/banking-ai-governance/,Banking AI Governance,cluster,P2,/solutions/human-approval-layer/,Human Approval Layer,cluster,P2,"طبقة الموافقة البشرية","Human approval layer",1,related-products,"Approval for high-stakes credit decisions",yes,exists-via-related-field
L068,/solutions/banking-ai-governance/,Banking AI Governance,cluster,P2,/solutions/ai-evidence-file/,AI Evidence File,pillar,P6,"ملف أدلة الذكاء الاصطناعي","AI evidence file",1,related-products,"SAMA audit documentation",yes,exists-via-related-field
L069,/solutions/banking-ai-governance/,Banking AI Governance,cluster,P2,/solutions/banking-ai-governance/riyadh/,Riyadh Banking AI Governance,cluster,P2,"حوكمة AI للبنوك في الرياض","Banking AI governance in Riyadh",2,local-section,"City page 1 of 2 for banking",yes,exists-via-locals-array
L070,/solutions/government-ai-governance/,Government AI Governance,cluster,P2,/blog/ai-governance-saudi-arabia/,AI Governance Saudi Arabia,cluster,P2,"حوكمة AI في السعودية","AI governance Saudi Arabia",1,related-content,"Saudi overview sister article",yes,exists-via-relatedposts-tags
L071,/solutions/government-ai-governance/,Government AI Governance,cluster,P2,/blog/vision-2030-ai-governance-roadmap/,Vision 2030 AI Governance Roadmap,cluster,P1,"خارطة طريق رؤية 2030","Vision 2030 roadmap",2,related-content,"National roadmap aligns government AI governance",no,requires-related-posts-override-or-inline-text-mod
L072,/solutions/government-ai-governance/,Government AI Governance,cluster,P2,/solutions/government-ai-governance/dammam/,Dammam Government AI Governance,cluster,P2,"حوكمة AI للجهات الحكومية في الدمام","Government AI governance in Dammam",2,local-section,"City page for Eastern Province government",yes,exists-via-locals-array
L073,/solutions/healthcare-ai-governance/,Healthcare AI Governance,cluster,P2,/blog/healthcare-ai-governance-saudi-hospitals/,Healthcare AI Governance Saudi Hospitals,cluster,P2,"حوكمة AI في المستشفيات السعودية","Healthcare AI governance Saudi hospitals",1,related-content,"Healthcare-specific sister blog",yes,exists-via-relatedposts-tags
L074,/solutions/healthcare-ai-governance/,Healthcare AI Governance,cluster,P2,/solutions/healthcare-ai-governance/jeddah/,Jeddah Healthcare AI Governance,cluster,P2,"حوكمة AI للمستشفيات في جدة","Healthcare AI governance in Jeddah",2,local-section,"Jeddah healthcare city page",yes,exists-via-locals-array
L075,/kernel/,BrightAI Kernel,pillar,P7,/solutions/ai-governance-platform/,AI Governance Platform,pillar,P2,"منصة حوكمة الذكاء الاصطناعي","AI Governance Platform",1,related-product,"Kernel is operational implementation of platform",no,requires-cross-pillar-widget-or-inline-text-mod
L076,/kernel/,BrightAI Kernel,pillar,P7,/kernel/chat/,Kernel Chat,cluster,P7,"محادثة كيرنل","Kernel Chat",2,module-grid,"Kernel Chat module 1 of 10",yes,exists-via-navigation
L077,/kernel/,BrightAI Kernel,pillar,P7,/kernel/audit/,Kernel Audit,cluster,P7,"تدقيق كيرنل","Kernel Audit",2,module-grid,"Kernel Audit module 2 of 10 — implements AI Audit Trail",yes,exists-via-navigation
L078,/kernel/,BrightAI Kernel,pillar,P7,/kernel/approvals/,Kernel Approvals,cluster,P7,"موافقات كيرنل","Kernel Approvals",2,module-grid,"Kernel Approvals module 3 of 10 — implements Human Approval Layer",yes,exists-via-navigation
L079,/kernel/,BrightAI Kernel,pillar,P7,/kernel/stats/,Kernel Stats,cluster,P7,"إحصائيات كيرنل","Kernel Stats",2,module-grid,"Kernel Stats module 4 of 10",yes,exists-via-navigation
L080,/kernel/,BrightAI Kernel,pillar,P7,/kernel/connectors/,Kernel Connectors,cluster,P7,"موصّلات كيرنل","Kernel Connectors",2,module-grid,"Kernel Connectors module 5 of 10",yes,exists-via-navigation
L081,/kernel/,BrightAI Kernel,pillar,P7,/kernel/scenarios/,Kernel Scenarios,cluster,P7,"سيناريوهات كيرنل","Kernel Scenarios",2,module-grid,"Kernel Scenarios module 6 of 10",yes,exists-via-navigation
L082,/kernel/,BrightAI Kernel,pillar,P7,/kernel/policies/,Kernel Policies,cluster,P7,"سياسات كيرنل","Kernel Policies",2,module-grid,"Kernel Policies module 7 of 10",yes,exists-via-navigation
L083,/kernel/,BrightAI Kernel,pillar,P7,/kernel/evidence/,Kernel Evidence,cluster,P7,"أدلة كيرنل","Kernel Evidence",2,module-grid,"Kernel Evidence module 8 of 10 — implements AI Evidence File",yes,exists-via-navigation
L084,/kernel/,BrightAI Kernel,pillar,P7,/kernel/compliance/,Kernel Compliance,cluster,P7,"امتثال كيرنل","Kernel Compliance",2,module-grid,"Kernel Compliance module 9 of 10",yes,exists-via-navigation
L085,/kernel/,BrightAI Kernel,pillar,P7,/kernel/reports/,Kernel Reports,cluster,P7,"تقارير كيرنل","Kernel Reports",2,module-grid,"Kernel Reports module 10 of 10",yes,exists-via-navigation
L086,/services/,Services Overview,pillar,P1,/solutions/ai-governance-platform/,AI Governance Platform,pillar,P2,"منصة حوكمة الذكاء الاصطناعي","AI governance platform",1,services-grid,"Service 1 of 9 in services overview",yes,exists-via-services-grid
L087,/services/,Services Overview,pillar,P1,/solutions/ai-firewall/,AI Firewall,pillar,P5,"جدار حماية الذكاء الاصطناعي","AI Firewall",1,services-grid,"Service 2 of 9 in services overview",yes,exists-via-services-grid
L088,/services/,Services Overview,pillar,P1,/solutions/ai-audit-trail/,AI Audit Trail,cluster,P6,"مسار تدقيق الذكاء الاصطناعي","AI audit trail",1,services-grid,"Service 3 of 9 in services overview",yes,exists-via-services-grid
L089,/about/,About,cluster,P1,/trust/,Trust Center,cluster,P1,"مركز الثقة","Trust center",2,about-footer,"Trust center reinforces E-E-A-T from about page",yes,exists-via-relatedlinks
L090,/trust/,Trust Center,cluster,P1,/pdpl-statement/,PDPL Statement,cluster,P3,"بيان PDPL","PDPL statement",2,compliance-references,"Legal anchor for PDPL trust signal",yes,exists-via-footer-legal
L091,/trust/,Trust Center,cluster,P1,/privacy-policy/,Privacy Policy,cluster,P3,"سياسة الخصوصية","Privacy policy",2,compliance-references,"Privacy policy anchors PDPL trust signal",yes,exists-via-footer-legal
L092,/pricing/,Pricing,cluster,P1,/solutions/ai-governance-platform/,AI Governance Platform,pillar,P2,"منصة حوكمة الذكاء الاصطناعي","AI Governance Platform",1,pricing-cta,"Pricing leads to platform product page",no,requires-cross-pillar-cta-or-inline-text-mod
L093,/pricing/,Pricing,cluster,P1,/contact/,Contact,cluster,P1,"تواصل معنا","Contact us",1,pricing-cta,"Pricing CTA routes to contact form",yes,exists-via-cta-nav
L094,/contact/,Contact,cluster,P1,/solutions/ai-governance-platform/,AI Governance Platform,pillar,P2,"منصة حوكمة الذكاء الاصطناعي","AI Governance Platform",2,contact-context,"Demo request refers to platform product",no,requires-inline-form-section-or-related-block
L095,/contact/,Contact,cluster,P1,/assessment/ai-governance-readiness/,Readiness Assessment,cluster,P1,"تقييم جاهزية حوكمة AI","AI governance readiness assessment",2,contact-context,"Alternative lead path",yes,exists-via-related-resource-list
L096,/assessment/ai-governance-readiness/,Readiness Assessment,cluster,P1,/blog/ai-governance/,AI Governance Comprehensive,cluster,P2,"حوكمة الذكاء الاصطناعي","AI governance",2,assessment-intro,"Comprehensive sister article",yes,exists-via-related-content
L097,/assessment/ai-governance-readiness/,Readiness Assessment,cluster,P1,/docs/nca-ecc-ai-controls/,NCA ECC AI Controls,cluster,P4,"ضوابط NCA ECC","NCA ECC controls",2,assessment-compliance,"Compliance basis reference",no,requires-inline-text-mod
L098,/solutions/ai-use-case-discovery/,AI Use Case Discovery,cluster,P2,/blog/shadow-ai-discovery-saudi-company/,Shadow AI Discovery Saudi,cluster,P5,"اكتشاف Shadow AI في الشركات السعودية","Shadow AI discovery in Saudi",1,related-content,"Discovery methodology article",yes,exists-via-relatedposts-tags-or-blog-field
L099,/solutions/policy-to-control-mapping/,Policy to Control Mapping,cluster,P2,/docs/nca-ecc-ai-controls-mapping/,NCA ECC Controls Mapping,cluster,P4,"ربط ضوابط NCA ECC","NCA ECC controls mapping",1,related-content,"Product connects to NCA mapping doc",yes,exists-via-relatedposts-tags
L100,/blog/ai-governance-vs-ai-safety-vs-ai-security/,AI Governance vs Safety vs Security,cluster,P2,/blog/ai-ethics-saudi-responsible-ai/,AI Ethics Saudi Responsible AI,cluster,P2,"أخلاقيات الذكاء الاصطناعي","AI ethics",2,related-content,"Ethics sister article",yes,exists-via-relatedposts-tags-or-category
