التاريخ,غير مفهرسة,المفهرسة,عدد الظهور
2026-01-18,,,1
2026-01-19,,,4
2026-01-20,17,1,6
2026-01-21,17,1,4
2026-01-22,17,1,3
2026-01-23,17,1,3
2026-01-24,17,1,2
2026-01-25,17,1,2
2026-01-26,17,1,4
2026-01-27,17,1,2
2026-01-28,17,1,2
2026-01-29,17,1,2
2026-01-30,17,1,1
2026-01-31,17,1,8
2026-02-01,17,1,0
2026-02-02,17,1,4
2026-02-03,17,1,0
2026-02-04,18,1,2
2026-02-05,18,1,0
2026-02-06,18,1,6
2026-02-07,18,1,0
2026-02-08,18,1,0
2026-02-09,18,1,2
2026-02-10,18,1,0
2026-02-11,161,1,0
2026-02-12,161,1,11
2026-02-13,161,1,0
2026-02-14,161,1,2
2026-02-15,18,1,0
2026-02-16,18,1,1
2026-02-17,18,1,0
2026-02-18,19,1,0
2026-02-19,19,1,0
2026-02-20,19,1,0
2026-02-21,19,1,0
2026-02-22,33,1,1
2026-02-23,33,1,1
2026-02-24,33,1,0
2026-02-25,182,1,0
2026-02-26,182,1,0
2026-02-27,182,1,1
2026-02-28,182,1,7
2026-03-01,182,1,3
2026-03-02,182,1,40
2026-03-03,182,1,3
2026-03-04,43,1,14
2026-03-05,43,1,0
2026-03-06,43,1,2
2026-03-07,43,1,1
2026-03-08,43,1,0
2026-03-09,43,1,0
2026-03-10,43,1,0
2026-03-11,42,1,3
2026-03-12,42,1,2
2026-03-13,42,1,0
2026-03-14,42,1,0
2026-03-15,42,1,1
2026-03-16,46,1,0
2026-03-17,46,1,0
2026-03-18,48,1,0
2026-03-19,48,1,1
2026-03-20,48,1,0
2026-03-21,48,1,11
2026-03-22,216,1,7
2026-03-23,216,1,1
2026-03-24,216,1,13
2026-03-25,44,1,1
2026-03-26,44,1,1
2026-03-27,44,1,1
2026-03-28,44,1,5
2026-03-29,42,1,2
2026-03-30,42,1,2
2026-03-31,42,1,2
2026-04-01,42,1,2
2026-04-02,42,1,4
2026-04-03,42,1,0
2026-04-04,42,1,3
2026-04-05,42,1,0
2026-04-06,42,1,4
2026-04-07,42,1,1
2026-04-08,42,1,3
2026-04-09,42,1,0
2026-04-10,42,1,1
2026-04-11,44,1,1
2026-04-12,44,1,1
2026-04-13,44,1,1